{
  "dataset": {
    "n_val": 4515,
    "y_min": 1.0,
    "y_max": 176.416,
    "y_mean": 13.181,
    "thresholds": [
      1.0,
      5.0,
      10.0,
      25.0
    ]
  },
  "models": {
    "Z-R Marshall-Palmer": {
      "continuous": {
        "RMSE": 16.31092,
        "MAE": 8.18104,
        "MRE": 0.80464,
        "R2": 0.36746,
        "Bias": -4.14312,
        "Correlation": 0.63932
      },
      "categorical": {
        "1mm/h": {
          "POD": 0.92425,
          "FAR": 0.0,
          "CSI": 0.92425,
          "HSS": 0.0,
          "GSS": 0.0,
          "TP": 4173,
          "FP": 0,
          "FN": 342,
          "TN": 0
        },
        "5mm/h": {
          "POD": 0.71084,
          "FAR": 0.26565,
          "CSI": 0.56544,
          "HSS": 0.50225,
          "GSS": 0.33534,
          "TP": 1443,
          "FP": 522,
          "FN": 587,
          "TN": 1963
        },
        "10mm/h": {
          "POD": 0.59665,
          "FAR": 0.20093,
          "CSI": 0.51881,
          "HSS": 0.56519,
          "GSS": 0.39391,
          "TP": 855,
          "FP": 215,
          "FN": 578,
          "TN": 2867
        },
        "25mm/h": {
          "POD": 0.40082,
          "FAR": 0.2675,
          "CSI": 0.34964,
          "HSS": 0.4558,
          "GSS": 0.29517,
          "TP": 293,
          "FP": 107,
          "FN": 438,
          "TN": 3677
        }
      },
      "n_samples": 4515,
      "pred_range": [
        0.133,
        236.786
      ],
      "pred_mean": 9.038
    },
    "Z-R Tropical (NWS Miami)": {
      "continuous": {
        "RMSE": 19.13401,
        "MAE": 8.76034,
        "MRE": 0.89798,
        "R2": 0.12955,
        "Bias": -1.57958,
        "Correlation": 0.60309
      },
      "categorical": {
        "1mm/h": {
          "POD": 0.88416,
          "FAR": 0.0,
          "CSI": 0.88416,
          "HSS": 0.0,
          "GSS": 0.0,
          "TP": 3992,
          "FP": 0,
          "FN": 523,
          "TN": 0
        },
        "5mm/h": {
          "POD": 0.71084,
          "FAR": 0.26565,
          "CSI": 0.56544,
          "HSS": 0.50225,
          "GSS": 0.33534,
          "TP": 1443,
          "FP": 522,
          "FN": 587,
          "TN": 1963
        },
        "10mm/h": {
          "POD": 0.65248,
          "FAR": 0.23673,
          "CSI": 0.54266,
          "HSS": 0.58094,
          "GSS": 0.40938,
          "TP": 935,
          "FP": 290,
          "FN": 498,
          "TN": 2792
        },
        "25mm/h": {
          "POD": 0.52531,
          "FAR": 0.28889,
          "CSI": 0.43292,
          "HSS": 0.54112,
          "GSS": 0.37091,
          "TP": 384,
          "FP": 156,
          "FN": 347,
          "TN": 3628
        }
      },
      "n_samples": 4515,
      "pred_range": [
        0.068,
        482.629
      ],
      "pred_mean": 11.601
    },
    "Z-R WSR-88D Default": {
      "continuous": {
        "RMSE": 17.56363,
        "MAE": 8.44378,
        "MRE": 0.83137,
        "R2": 0.26657,
        "Bias": -2.87611,
        "Correlation": 0.61228
      },
      "categorical": {
        "1mm/h": {
          "POD": 0.88416,
          "FAR": 0.0,
          "CSI": 0.88416,
          "HSS": 0.0,
          "GSS": 0.0,
          "TP": 3992,
          "FP": 0,
          "FN": 523,
          "TN": 0
        },
        "5mm/h": {
          "POD": 0.69212,
          "FAR": 0.243,
          "CSI": 0.5663,
          "HSS": 0.51467,
          "GSS": 0.3465,
          "TP": 1405,
          "FP": 451,
          "FN": 625,
          "TN": 2034
        },
        "10mm/h": {
          "POD": 0.62387,
          "FAR": 0.21921,
          "CSI": 0.53088,
          "HSS": 0.57325,
          "GSS": 0.40178,
          "TP": 894,
          "FP": 251,
          "FN": 539,
          "TN": 2831
        },
        "25mm/h": {
          "POD": 0.4829,
          "FAR": 0.27515,
          "CSI": 0.40809,
          "HSS": 0.51712,
          "GSS": 0.34873,
          "TP": 353,
          "FP": 134,
          "FN": 378,
          "TN": 3650
        }
      },
      "n_samples": 4515,
      "pred_range": [
        0.075,
        387.053
      ],
      "pred_mean": 10.305
    },
    "CNN+KAN": {
      "continuous": {
        "RMSE": 13.28378,
        "MAE": 6.68638,
        "MRE": 0.72522,
        "R2": 0.58046,
        "Bias": -1.43292,
        "Correlation": 0.76617
      },
      "categorical": {
        "1mm/h": {
          "POD": 1.0,
          "FAR": 0.0,
          "CSI": 1.0,
          "HSS": 0.0,
          "GSS": 0.0,
          "TP": 4515,
          "FP": 0,
          "FN": 0,
          "TN": 0
        },
        "5mm/h": {
          "POD": 0.85961,
          "FAR": 0.16944,
          "CSI": 0.73135,
          "HSS": 0.71406,
          "GSS": 0.55528,
          "TP": 1745,
          "FP": 356,
          "FN": 285,
          "TN": 2129
        },
        "10mm/h": {
          "POD": 0.79763,
          "FAR": 0.22403,
          "CSI": 0.64833,
          "HSS": 0.68544,
          "GSS": 0.52142,
          "TP": 1143,
          "FP": 330,
          "FN": 290,
          "TN": 2752
        },
        "25mm/h": {
          "POD": 0.67168,
          "FAR": 0.31232,
          "CSI": 0.51468,
          "HSS": 0.61855,
          "GSS": 0.44776,
          "TP": 491,
          "FP": 223,
          "FN": 240,
          "TN": 3561
        }
      },
      "n_samples": 4515,
      "pred_range": [
        1.543,
        89.32
      ],
      "pred_mean": 11.748
    },
    "CNN+KAN+LightGBM": {
      "continuous": {
        "RMSE": 13.13238,
        "MAE": 6.78002,
        "MRE": 0.79081,
        "R2": 0.58997,
        "Bias": -0.36072,
        "Correlation": 0.769
      },
      "categorical": {
        "1mm/h": {
          "POD": 0.99623,
          "FAR": 0.0,
          "CSI": 0.99623,
          "HSS": 0.0,
          "GSS": 0.0,
          "TP": 4498,
          "FP": 0,
          "FN": 17,
          "TN": 0
        },
        "5mm/h": {
          "POD": 0.88768,
          "FAR": 0.19554,
          "CSI": 0.73015,
          "HSS": 0.70475,
          "GSS": 0.54411,
          "TP": 1802,
          "FP": 438,
          "FN": 228,
          "TN": 2047
        },
        "10mm/h": {
          "POD": 0.83391,
          "FAR": 0.24127,
          "CSI": 0.65913,
          "HSS": 0.69227,
          "GSS": 0.52936,
          "TP": 1195,
          "FP": 380,
          "FN": 238,
          "TN": 2702
        },
        "25mm/h": {
          "POD": 0.71409,
          "FAR": 0.32732,
          "CSI": 0.52995,
          "HSS": 0.63129,
          "GSS": 0.46123,
          "TP": 522,
          "FP": 254,
          "FN": 209,
          "TN": 3530
        }
      },
      "n_samples": 4515,
      "pred_range": [
        0.336,
        107.685
      ],
      "pred_mean": 12.82
    }
  }
}