{
  "dataset": {
    "n_val": 3554,
    "y_min": 1.0,
    "y_max": 182.88,
    "y_mean": 11.292,
    "thresholds": [
      1.0,
      5.0,
      10.0,
      25.0
    ],
    "rain_categories": {
      "light (1-10)": [
        1.0,
        10.0
      ],
      "moderate (10-25)": [
        10.0,
        25.0
      ],
      "heavy (25-50)": [
        25.0,
        50.0
      ],
      "extreme (>50)": [
        50.0,
        9999.0
      ],
      "all (>=1)": [
        1.0,
        9999.0
      ]
    }
  },
  "models_evaluated": [
    "Z-R Marshall-Palmer",
    "Z-R Tropical (NWS Miami)",
    "Z-R WSR-88D Default",
    "CNN+KAN",
    "CNN+KAN+LightGBM",
    "RQPENetD1",
    "ConvLSTMQPE"
  ],
  "models": {
    "Z-R Marshall-Palmer": {
      "continuous": {
        "RMSE": 13.92113,
        "MAE": 6.6507,
        "MRE": 0.67608,
        "R2": 0.45423,
        "Bias": -4.16826,
        "Correlation": 0.73028
      },
      "continuous_by_category": {
        "light (1-10)": {
          "RMSE": 3.7533,
          "MAE": 2.1938,
          "Bias": 0.2365,
          "N": 2607
        },
        "moderate (10-25)": {
          "RMSE": 10.9719,
          "MAE": 9.3572,
          "Bias": -6.3395,
          "N": 494
        },
        "heavy (25-50)": {
          "RMSE": 21.4201,
          "MAE": 18.9966,
          "Bias": -15.7719,
          "N": 277
        },
        "extreme (>50)": {
          "RMSE": 51.4268,
          "MAE": 45.6411,
          "Bias": -45.0574,
          "N": 176
        },
        "all (>=1)": {
          "RMSE": 13.9211,
          "MAE": 6.6507,
          "Bias": -4.1683,
          "N": 3554
        }
      },
      "categorical": {
        "1mm/h": {
          "POD": 0.89308,
          "FAR": 0.0,
          "CSI": 0.89308,
          "HSS": 0.0,
          "GSS": 0.0,
          "TP": 3174,
          "FP": 0,
          "FN": 380,
          "TN": 0
        },
        "5mm/h": {
          "POD": 0.63379,
          "FAR": 0.26597,
          "CSI": 0.51542,
          "HSS": 0.48583,
          "GSS": 0.32086,
          "TP": 919,
          "FP": 333,
          "FN": 531,
          "TN": 1771
        },
        "10mm/h": {
          "POD": 0.55333,
          "FAR": 0.1748,
          "CSI": 0.49527,
          "HSS": 0.5706,
          "GSS": 0.39919,
          "TP": 524,
          "FP": 111,
          "FN": 423,
          "TN": 2496
        },
        "25mm/h": {
          "POD": 0.4128,
          "FAR": 0.21429,
          "CSI": 0.37103,
          "HSS": 0.49709,
          "GSS": 0.33075,
          "TP": 187,
          "FP": 51,
          "FN": 266,
          "TN": 3050
        }
      },
      "n_samples": 3554,
      "pred_mean": 7.124,
      "pred_max": 123.91
    },
    "Z-R Tropical (NWS Miami)": {
      "continuous": {
        "RMSE": 13.74612,
        "MAE": 6.62308,
        "MRE": 0.7346,
        "R2": 0.46787,
        "Bias": -2.55841,
        "Correlation": 0.71218
      },
      "continuous_by_category": {
        "light (1-10)": {
          "RMSE": 4.9742,
          "MAE": 2.5054,
          "Bias": 0.2868,
          "N": 2607
        },
        "moderate (10-25)": {
          "RMSE": 13.4653,
          "MAE": 10.5746,
          "Bias": -4.2777,
          "N": 494
        },
        "heavy (25-50)": {
          "RMSE": 25.337,
          "MAE": 19.6927,
          "Bias": -8.964,
          "N": 277
        },
        "extreme (>50)": {
          "RMSE": 43.9298,
          "MAE": 35.9553,
          "Bias": -29.7961,
          "N": 176
        },
        "all (>=1)": {
          "RMSE": 13.7461,
          "MAE": 6.6231,
          "Bias": -2.5584,
          "N": 3554
        }
      },
      "categorical": {
        "1mm/h": {
          "POD": 0.84384,
          "FAR": 0.0,
          "CSI": 0.84384,
          "HSS": 0.0,
          "GSS": 0.0,
          "TP": 2999,
          "FP": 0,
          "FN": 555,
          "TN": 0
        },
        "5mm/h": {
          "POD": 0.63379,
          "FAR": 0.26597,
          "CSI": 0.51542,
          "HSS": 0.48583,
          "GSS": 0.32086,
          "TP": 919,
          "FP": 333,
          "FN": 531,
          "TN": 1771
        },
        "10mm/h": {
          "POD": 0.60718,
          "FAR": 0.20799,
          "CSI": 0.52368,
          "HSS": 0.59334,
          "GSS": 0.42181,
          "TP": 575,
          "FP": 151,
          "FN": 372,
          "TN": 2456
        },
        "25mm/h": {
          "POD": 0.50552,
          "FAR": 0.25649,
          "CSI": 0.43045,
          "HSS": 0.55603,
          "GSS": 0.38507,
          "TP": 229,
          "FP": 79,
          "FN": 224,
          "TN": 3022
        }
      },
      "n_samples": 3554,
      "pred_mean": 8.734,
      "pred_max": 224.017
    },
    "Z-R WSR-88D Default": {
      "continuous": {
        "RMSE": 13.58295,
        "MAE": 6.57886,
        "MRE": 0.69321,
        "R2": 0.48043,
        "Bias": -3.45237,
        "Correlation": 0.71709
      },
      "continuous_by_category": {
        "light (1-10)": {
          "RMSE": 4.3994,
          "MAE": 2.3438,
          "Bias": 0.0646,
          "N": 2607
        },
        "moderate (10-25)": {
          "RMSE": 12.3907,
          "MAE": 10.1742,
          "Bias": -5.4395,
          "N": 494
        },
        "heavy (25-50)": {
          "RMSE": 23.3367,
          "MAE": 19.405,
          "Bias": -12.1146,
          "N": 277
        },
        "extreme (>50)": {
          "RMSE": 46.377,
          "MAE": 39.0324,
          "Bias": -36.3369,
          "N": 176
        },
        "all (>=1)": {
          "RMSE": 13.5829,
          "MAE": 6.5789,
          "Bias": -3.4524,
          "N": 3554
        }
      },
      "categorical": {
        "1mm/h": {
          "POD": 0.84384,
          "FAR": 0.0,
          "CSI": 0.84384,
          "HSS": 0.0,
          "GSS": 0.0,
          "TP": 2999,
          "FP": 0,
          "FN": 555,
          "TN": 0
        },
        "5mm/h": {
          "POD": 0.61034,
          "FAR": 0.23969,
          "CSI": 0.51186,
          "HSS": 0.49285,
          "GSS": 0.32701,
          "TP": 885,
          "FP": 279,
          "FN": 565,
          "TN": 1825
        },
        "10mm/h": {
          "POD": 0.58606,
          "FAR": 0.19565,
          "CSI": 0.51294,
          "HSS": 0.58481,
          "GSS": 0.41323,
          "TP": 555,
          "FP": 135,
          "FN": 392,
          "TN": 2472
        },
        "25mm/h": {
          "POD": 0.47241,
          "FAR": 0.23843,
          "CSI": 0.41154,
          "HSS": 0.53802,
          "GSS": 0.36801,
          "TP": 214,
          "FP": 67,
          "FN": 239,
          "TN": 3034
        }
      },
      "n_samples": 3554,
      "pred_mean": 7.84,
      "pred_max": 184.647
    },
    "CNN+KAN": {
      "continuous": {
        "RMSE": 10.37068,
        "MAE": 4.90776,
        "MRE": 0.5626,
        "R2": 0.69712,
        "Bias": -0.852,
        "Correlation": 0.83616
      },
      "continuous_by_category": {
        "light (1-10)": {
          "RMSE": 4.2674,
          "MAE": 1.9699,
          "Bias": 0.731,
          "N": 2607
        },
        "moderate (10-25)": {
          "RMSE": 11.9586,
          "MAE": 8.5474,
          "Bias": 0.6122,
          "N": 494
        },
        "heavy (25-50)": {
          "RMSE": 16.129,
          "MAE": 13.0061,
          "Bias": -5.0744,
          "N": 277
        },
        "extreme (>50)": {
          "RMSE": 33.0335,
          "MAE": 25.4637,
          "Bias": -21.7641,
          "N": 176
        },
        "all (>=1)": {
          "RMSE": 10.3707,
          "MAE": 4.9078,
          "Bias": -0.852,